{"timestamps": [1495493598.51732, 1495493605.299908, 1495493608.697339, 1495493612.03019, 1495493615.363151, 1495493618.696905, 1495493622.029472, 1495493625.361964, 1495493632.077733, 1495493635.477522, 1495493638.810184, 1495493642.143054, 1495493645.476092, 1495493648.808983, 1495493652.141923, 1495493655.474939, 1495493658.807861, 1495493662.140858, 1495493665.473782, 1495493668.806675, 1495493672.139728, 1495493675.472711, 1495493678.805597, 1495493682.138601, 1495493685.471581, 1495493688.804507, 1495493692.137477, 1495493698.837277, 1495493702.236165, 1495493705.569148, 1495493708.902175, 1495493712.235161, 1495493715.568096, 1495493718.901265, 1495493722.234807, 1495493725.567265, 1495493728.900599, 1495493732.233379, 1495493735.566185, 1495493738.899287, 1495493742.232733, 1495493745.565712, 1495493748.898095, 1495493752.231687, 1495493755.564325, 1495493758.897339, 1495493762.230063, 1495493765.563312, 1495493768.896349, 1495493772.229279, 1495493775.562181, 1495493780.211685, 1495493783.544644, 1495493786.87775, 1495493790.210718], "initial_reset_timestamp": 1495493591.510313, "episode_types": ["t", "t", "t", "t", "t", "t", "t", "t", "t", "t", "t", "t", "t", "t", "t", "t", "t", "t", "t", "t", "t", "t", "t", "t", "t", "t", "t", "t", "t", "t", "t", "t", "t", "t", "t", "t", "t", "t", "t", "t", "t", "t", "t", "t", "t", "t", "t", "t", "t", "t", "t", "t", "t", "t", "t", "t"], "episode_lengths": [200, 200, 200, 200, 200, 200, 200, 200, 200, 200, 200, 200, 200, 200, 200, 200, 200, 200, 200, 200, 200, 200, 200, 200, 200, 200, 200, 200, 200, 200, 200, 200, 200, 200, 200, 200, 200, 200, 200, 200, 200, 200, 200, 200, 200, 200, 200, 200, 200, 200, 200, 200, 200, 200, 200], "episode_rewards": [-1187.1029806620863, -1173.1257231598884, -1618.423276133306, -1118.0240781140428, -1166.803846922291, -764.6206600409657, -1368.5252831678301, -1522.459249430291, -1273.0033714508982, -1819.569649867124, -1768.2203633238582, -1593.1528499050132, -1456.2733750228397, -1425.3793920202156, -1041.4541928400602, -1514.9180707830778, -1455.4109304280007, -1513.6048154780951, -1389.5627035652533, -1501.569165572244, -1500.5737915391023, -1498.9786771470244, -1469.8643531779844, -1447.5693710451546, -1460.8294811431567, -1511.2108971423224, -1421.3949877944701, -1426.3663417716855, -1509.797762756055, -1354.726504909429, -1421.587903463606, -1389.1435239120467, -1422.1250221041296, -1367.8121222235045, -1395.9218673658888, -1285.3969843696825, -1071.7791114100455, -947.3375261208213, -1496.7498697210672, -155.04556282706972, -778.0217046467977, -135.35665462312596, -530.0334755526292, -275.3160716092061, -137.81639402626237, -407.9944789467539, -430.9413194794834, -544.5301185686192, -275.71213649945815, -133.75989045324434, -133.4330441658055, -135.8687742117111, -514.8385913345104, -131.2982409594588, -271.33249318207965]}