{"timestamps": [1494987924.57168, 1494987931.352976, 1494987934.752566, 1494987938.085369, 1494987941.418336, 1494987944.751273, 1494987948.084315, 1494987951.417007, 1494987958.118793, 1494987961.499293, 1494987964.832238, 1494987968.164963, 1494987971.497814, 1494987974.830777, 1494987978.163666, 1494987981.496559, 1494987984.829502, 1494987988.162324, 1494987991.495267, 1494987994.828144, 1494987998.161082, 1494988001.493966, 1494988004.826855, 1494988008.159783, 1494988011.492692, 1494988014.825543, 1494988018.158496, 1494988024.858333, 1494988028.256992, 1494988031.590049, 1494988034.922845, 1494988038.25582, 1494988041.588673, 1494988044.921576, 1494988048.254605, 1494988051.587452, 1494988054.920211, 1494988058.253167, 1494988061.586201, 1494988064.918997, 1494988068.251967, 1494988071.584925, 1494988074.917677, 1494988078.250536, 1494988081.583587, 1494988084.916459, 1494988088.249309, 1494988091.582145, 1494988094.915155, 1494988098.248117, 1494988101.581256, 1494988106.246907, 1494988109.57985, 1494988112.912801, 1494988116.245621, 1494988119.578516, 1494988122.911538, 1494988126.244315, 1494988129.577551, 1494988132.910253, 1494988136.24308], "initial_reset_timestamp": 1494987917.46777, "episode_types": ["t", "t", "t", "t", "t", "t", "t", "t", "t", "t", "t", "t", "t", "t", "t", "t", "t", "t", "t", "t", "t", "t", "t", "t", "t", "t", "t", "t", "t", "t", "t", "t", "t", "t", "t", "t", "t", "t", "t", "t", "t", "t", "t", "t", "t", "t", "t", "t", "t", "t", "t", "t", "t", "t", "t", "t", "t", "t", "t", "t", "t", "t"], "episode_lengths": [200, 200, 200, 200, 200, 200, 200, 200, 200, 200, 200, 200, 200, 200, 200, 200, 200, 200, 200, 200, 200, 200, 200, 200, 200, 200, 200, 200, 200, 200, 200, 200, 200, 200, 200, 200, 200, 200, 200, 200, 200, 200, 200, 200, 200, 200, 200, 200, 200, 200, 200, 200, 200, 200, 200, 200, 200, 200, 200, 200, 200], "episode_rewards": [-1170.2946112452705, -1131.3890229160168, -1551.5034180632633, -941.2757971208512, -1183.1070817021919, -1147.0378514566426, -1526.2726020591203, -1638.8203729473844, -1551.4609397439103, -1775.1777112487086, -1761.0993134940086, -1527.3928366119771, -1492.610981145888, -1525.6245508760503, -1477.4162937889837, -1505.7925741101153, -1465.91201223959, -1520.9385991703523, -1415.4593431583276, -1506.5915541204583, -1504.0575275331375, -1495.8833738449798, -1471.7566260929693, -1470.1794866047983, -1443.0832601022973, -1512.0690897826712, -1411.980854862112, -1283.9287471182693, -1316.7579113692696, -1278.8430963952255, -1293.3983962986124, -1139.123269515676, -998.4894082631088, -957.6054158481971, -829.2474034052807, -733.9238970961766, -928.5310845300505, -672.2409586045441, -1496.749068714209, -661.7186882490499, -686.3221678957212, -532.7344363175902, -547.4699438040371, -266.1430881416198, -273.2134875473643, -411.28326529431405, -424.54430610930694, -539.4583999132014, -270.3696962056486, -264.0666440359967, -132.93622333955085, -137.200620831752, -650.9870884347952, -133.3533575221027, -274.90769718445614, -1.1402629228353003, -136.53883255171002, -279.10253313430024, -132.73191710638383, -132.65479935276943, -365.3978030885371]}