{"timestamps": [1495239117.178815], "initial_reset_timestamp": 1495239109.922987, "episode_types": ["t", "t"], "episode_lengths": [200], "episode_rewards": [-1168.2420599567763]}