{"timestamps": [1495492738.972137, 1495492745.73769, 1495492749.136703, 1495492752.469662, 1495492755.802653, 1495492759.13565, 1495492762.468874, 1495492765.801942, 1495492772.502238, 1495492775.901287, 1495492779.234513, 1495492782.567655, 1495492785.900485, 1495492789.233901, 1495492792.567073, 1495492795.900133, 1495492799.233812, 1495492802.566528, 1495492805.899549, 1495492809.232855, 1495492812.566096, 1495492815.899186, 1495492819.232387, 1495492822.564944, 1495492825.897931, 1495492829.229852], "initial_reset_timestamp": 1495492731.943763, "episode_types": ["t", "t", "t", "t", "t", "t", "t", "t", "t", "t", "t", "t", "t", "t", "t", "t", "t", "t", "t", "t", "t", "t", "t", "t", "t", "t", "t"], "episode_lengths": [200, 200, 200, 200, 200, 200, 200, 200, 200, 200, 200, 200, 200, 200, 200, 200, 200, 200, 200, 200, 200, 200, 200, 200, 200, 200], "episode_rewards": [-1162.7462644878954, -1246.1531814657922, -1551.4820893162262, -1163.6395582271994, -1252.408635867258, -1088.5485931227668, -1579.0946044146337, -1594.1200370417232, -1342.8759322698374, -1696.061457554177, -1524.9675659260142, -1353.8466922535456, -1451.90147086094, -1433.9783404303619, -1486.986151588055, -1577.653860971282, -1486.9888920316803, -1625.6980019362672, -1356.3350361717462, -1597.431385930259, -1536.337357668046, -1510.9445284611236, -1354.4715958511078, -1198.6608892287377, -1291.8962242550938, -1221.6372396533286]}