{"timestamps": [1495072967.35629], "initial_reset_timestamp": 1495072960.167079, "episode_types": ["t", "t"], "episode_lengths": [200], "episode_rewards": [-1171.088669795128]}