{"timestamps": [1494909306.433799, 1494909313.233541, 1494909316.631112, 1494909319.964193, 1494909323.297127, 1494909326.630495, 1494909329.963074, 1494909333.295953, 1494909340.011765, 1494909343.411265, 1494909346.744213, 1494909350.077316, 1494909353.410211, 1494909356.743183, 1494909360.076035, 1494909363.409039, 1494909366.741943, 1494909370.07495, 1494909373.407822, 1494909376.740819, 1494909380.073852, 1494909383.406648, 1494909386.739734, 1494909390.07264, 1494909393.405586, 1494909396.738418, 1494909400.071481, 1494909406.78858, 1494909410.186947, 1494909413.519891, 1494909416.852918, 1494909420.185877, 1494909423.51884, 1494909426.851721, 1494909430.184743, 1494909433.517599, 1494909436.850673, 1494909440.1835, 1494909443.516455, 1494909446.849352, 1494909450.182306, 1494909453.515278, 1494909456.848166, 1494909460.181187, 1494909463.51415, 1494909466.847154, 1494909470.179933, 1494909473.512931, 1494909476.845805, 1494909480.178929, 1494909483.511943, 1494909488.161191, 1494909491.494169, 1494909494.827146, 1494909498.159961, 1494909501.493203, 1494909504.826275, 1494909508.158987, 1494909511.491931, 1494909514.824696, 1494909518.157838, 1494909521.490769, 1494909524.823717, 1494909528.157137, 1494909534.872287, 1494909538.272138, 1494909541.605013, 1494909544.937972, 1494909548.270994, 1494909551.603777, 1494909554.936692, 1494909558.26985, 1494909561.602644, 1494909564.935613, 1494909568.268508, 1494909571.601548, 1494909574.934504, 1494909578.267319, 1494909581.600364, 1494909584.933239, 1494909588.283033, 1494909591.615856, 1494909594.949032, 1494909598.281689], "initial_reset_timestamp": 1494909299.328202, "episode_types": ["t", "t", "t", "t", "t", "t", "t", "t", "t", "t", "t", "t", "t", "t", "t", "t", "t", "t", "t", "t", "t", "t", "t", "t", "t", "t", "t", "t", "t", "t", "t", "t", "t", "t", "t", "t", "t", "t", "t", "t", "t", "t", "t", "t", "t", "t", "t", "t", "t", "t", "t", "t", "t", "t", "t", "t", "t", "t", "t", "t", "t", "t", "t", "t", "t", "t", "t", "t", "t", "t", "t", "t", "t", "t", "t", "t", "t", "t", "t", "t", "t", "t", "t", "t", "t"], "episode_lengths": [200, 200, 200, 200, 200, 200, 200, 200, 200, 200, 200, 200, 200, 200, 200, 200, 200, 200, 200, 200, 200, 200, 200, 200, 200, 200, 200, 200, 200, 200, 200, 200, 200, 200, 200, 200, 200, 200, 200, 200, 200, 200, 200, 200, 200, 200, 200, 200, 200, 200, 200, 200, 200, 200, 200, 200, 200, 200, 200, 200, 200, 200, 200, 200, 200, 200, 200, 200, 200, 200, 200, 200, 200, 200, 200, 200, 200, 200, 200, 200, 200, 200, 200, 200], "episode_rewards": [-1169.0959334544114, -1179.2675761052833, -1546.8295233467213, -1099.4646901317053, -1188.091592423234, -1135.0366269471704, -1421.3544641227954, -1589.5083571233438, -1374.2194585612617, -1845.7201656758668, -1686.4065233079996, -1493.9080159042715, -1567.3400986428344, -1602.680363905552, -1472.7391498118761, -1581.8698566145608, -1580.1826851444198, -1588.1205691743255, -1438.681669416131, -1574.0095802379767, -1490.1048845059966, -1542.899311592883, -1519.1586093591773, -1434.1384260498232, -1469.1086908719874, -1490.9221316087774, -1460.8247602401184, -1429.4358864064525, -1447.8627861114824, -1321.809164555098, -1338.7834560993897, -1326.730582545286, -1283.4190110177035, -1209.1001457046605, -1188.5918136403882, -1153.4668127774955, -1090.8046129950649, -1027.4653741415932, -1278.171913411272, -962.9294549301558, -1094.0032465223455, -935.7544597167762, -1175.3175449927041, -538.3292732766112, -539.6210482791428, -695.6677730307829, -877.019535838893, -1031.8996812610762, -275.7062582163082, -407.0923346380585, -406.4812502679616, -410.86951116698134, -647.9411541560723, -138.05943198131467, -560.311426283148, -4.872403365068994, -141.1687782939869, -428.4238010027925, -138.1031071475286, -135.92498894287823, -388.54307604317444, -273.55882442005077, -1363.239740767819, -1378.629659925978, -1341.2519450681618, -5.177370456605615, -561.7738412490307, -1493.8958449293527, -392.7899552849968, -138.8932572811874, -418.1180170994971, -411.11143457070295, -389.2201739663051, -141.2940313811058, -137.72553733514366, -1268.8177726683198, -134.6653135746642, -7.5853009184405975, -1094.4299973795607, -404.38148933516254, -788.6626625760448, -6.047670542727136, -274.5525360312525, -134.3805888513167]}