{"timestamps": [1494996767.841126, 1494996774.607843, 1494996778.006088, 1494996781.338648, 1494996784.671483, 1494996788.004394, 1494996791.337242, 1494996794.669971, 1494996801.372014, 1494996804.768566, 1494996808.101641, 1494996811.434424, 1494996814.767173, 1494996818.100554, 1494996821.432943, 1494996824.765768, 1494996828.098656, 1494996831.431589, 1494996834.764452, 1494996838.097329, 1494996841.430207, 1494996844.762989, 1494996848.095935, 1494996851.428812, 1494996854.761518, 1494996858.094499, 1494996861.427669, 1494996868.166231, 1494996871.609269, 1494996874.942025, 1494996878.274929, 1494996881.607894, 1494996884.940685, 1494996888.273989, 1494996891.606332, 1494996894.939264, 1494996898.27227, 1494996901.60495, 1494996904.937791, 1494996908.27106, 1494996911.603566, 1494996914.936413, 1494996918.26932, 1494996921.602184, 1494996924.935291, 1494996928.284544, 1494996931.617198, 1494996934.950084, 1494996938.283347, 1494996941.616047, 1494996944.949425, 1494996949.614934, 1494996952.947677, 1494996956.280803, 1494996959.613399, 1494996962.946324, 1494996966.279389, 1494996969.612071, 1494996972.944989, 1494996976.27802, 1494996979.610582, 1494996982.943482, 1494996986.276495, 1494996989.609185, 1494996996.324789, 1494996999.707652, 1494997003.040812, 1494997006.373962, 1494997009.706207, 1494997013.039016, 1494997016.372013, 1494997019.704793, 1494997023.037612, 1494997026.370565, 1494997029.70354, 1494997033.043299, 1494997036.402555, 1494997039.735541, 1494997043.068257, 1494997046.401088, 1494997049.733956, 1494997053.066792, 1494997056.399644, 1494997059.732593, 1494997063.065385, 1494997066.398356, 1494997069.731109, 1494997073.064066], "initial_reset_timestamp": 1494996760.812034, "episode_types": ["t", "t", "t", "t", "t", "t", "t", "t", "t", "t", "t", "t", "t", "t", "t", "t", "t", "t", "t", "t", "t", "t", "t", "t", "t", "t", "t", "t", "t", "t", "t", "t", "t", "t", "t", "t", "t", "t", "t", "t", "t", "t", "t", "t", "t", "t", "t", "t", "t", "t", "t", "t", "t", "t", "t", "t", "t", "t", "t", "t", "t", "t", "t", "t", "t", "t", "t", "t", "t", "t", "t", "t", "t", "t", "t", "t", "t", "t", "t", "t", "t", "t", "t", "t", "t", "t", "t", "t", "t"], "episode_lengths": [200, 200, 200, 200, 200, 200, 200, 200, 200, 200, 200, 200, 200, 200, 200, 200, 200, 200, 200, 200, 200, 200, 200, 200, 200, 200, 200, 200, 200, 200, 200, 200, 200, 200, 200, 200, 200, 200, 200, 200, 200, 200, 200, 200, 200, 200, 200, 200, 200, 200, 200, 200, 200, 200, 200, 200, 200, 200, 200, 200, 200, 200, 200, 200, 200, 200, 200, 200, 200, 200, 200, 200, 200, 200, 200, 200, 200, 200, 200, 200, 200, 200, 200, 200, 200, 200, 200, 200], "episode_rewards": [-1169.0152837892867, -1232.4512783579037, -1553.7991635240605, -1068.0542435376408, -1042.6925441371973, -984.241811313195, -1412.4787479617648, -1709.6556765074915, -1572.924371344255, -1727.6886115297318, -1730.2213915993448, -1544.6955226630084, -1612.372295432075, -1521.1139415152945, -1490.0190139600027, -1509.30825474504, -1466.084722169222, -1516.4179308451314, -1400.3183829432312, -1497.7940251451594, -1492.2054528809015, -1489.6049441096773, -1477.677554315008, -1458.323527748643, -1457.0935290301056, -1511.5372859479644, -1440.0735248030196, -1331.9409591883507, -1386.0027826231324, -1284.6119820912575, -1302.2214075077582, -1264.3122355258172, -1282.054474535815, -1089.765346907974, -1112.4375996876213, -1084.5116821931879, -931.081045279067, -894.1027413045013, -1496.8134720940038, -539.3820343190155, -396.99362470229045, -129.5443548149468, -379.09932885614495, -400.9388665681507, -132.5224321854794, -270.0075764655649, -289.92937676575514, -391.87400781205247, -403.300237888662, -128.79682206373582, -264.5395908112384, -890.8868371119557, -1132.4454095316123, -1129.3016357913891, -138.5670791481367, -2.5152670387929383, -1305.31701122027, -1382.1753312347444, -130.79408784321427, -130.49248025466588, -357.5772316676309, -130.27809669069833, -125.79810168618125, -1252.1702108179381, -386.8734457860146, -4.0948802344013, -249.31043738460534, -317.99116619283416, -252.74449879919794, -135.90831792156436, -389.72744129572305, -395.1160317759917, -369.6936512670177, -132.59247857883472, -133.79039192965385, -274.4902506902737, -129.7435011205415, -0.6327449723033063, -278.921701969264, -383.4303809679252, -264.2368707545937, -1.1474217068308732, -269.8208982614797, -125.99045390284512, -0.8081306981003099, -126.82124812020164, -120.17423977140449, -343.01640568372534]}